SUBJECT,TOTAL_UNITS,TOTAL_DEFECTS,TOTAL_OPPORTUNITIES,DPMO,YIELD,SIGMA_LEVEL,SIX_SIGMA
Carrier Claims,4746577,530376,484150854,1095.476806640625,0.9989045262336731,4.580300442011229,4.563048218836862
Beneficiary Summary,343803,8193,10657893,768.72607421875,0.9992312788963318,4.682133264565543,4.667521728039401
